<?xml version="1.0" encoding="UTF-8"?> 
<?xml-stylesheet type="text/css" href="katcher-lab2part4.css"?>

<root_element xmlns:html="http://www.w3.org/1999/xhtml">

	<playlist>
		<songEntry>
			<block> <songName>"Ex's &amp;Oh's"</songName> </block>
			<block> <artist> <html:a href="http://www.elleking.com/">Elle King</html:a> </artist> </block>
			<block> <albumName> <html:a href="http://www.allmusic.com/album/love-stuff-mw0002796344">Love Stuff</html:a> </albumName> </block>
			<block> <releaseYear> Released in: 2015 </releaseYear> </block>
			<block> <genre> Pop/Rock </genre> </block>
			<block> <albumCover> <html:img src="http://hwcdn.allmusic.com/release-covers/500/0004/344/0004344081.jpg" alt="Love Stuff Album Cover"> </html:img> </albumCover> </block>
		</songEntry>

		<songEntry>
			<block> <songName>"Runaround Sue"</songName> </block>
			<block> <artist> <html:a href="https://www.facebook.com/OfficialDion/">Dion</html:a> </artist> </block>
			<block> <albumName> <html:a href="http://www.allmusic.com/album/runaround-sue-mw0000083566">Runaround Sue</html:a> </albumName> </block>
			<block> <releaseYear> Released in: 1961 </releaseYear> </block>
			<block> <genre> Pop/Rock and R&amp;B</genre> </block>
			<block> <albumCover> <html:img src="http://cps-static.rovicorp.com/3/JPG_500/MI0001/549/MI0001549914.jpg?partner=allrovi.com" alt="Runaround Sue Album Cover"> </html:img> </albumCover> </block>
		</songEntry>

		<songEntry>
			<block> <songName>"Danza Kuduro"</songName> </block>
			<block> <artist> <html:a href="http://www.universalmusica.com/donomar/">Don Omar</html:a> </artist> </block>
			<block> <albumName> <html:a href="http://www.allmusic.com/album/meet-the-orphans-mw0002053164">Meet the Orphans</html:a> </albumName> </block>
			<block> <releaseYear> Released in: 2010 </releaseYear> </block>
			<block> <genre> Latin Rap, Reggae </genre> </block>
			<block> <albumCover> <html:img src="http://cps-static.rovicorp.com/3/JPG_1080/MI0003/067/MI0003067805.jpg?partner=allrovi.com" alt="Meet the Orphans Album Cover"> </html:img> </albumCover> </block>
		</songEntry>
		
		<songEntry>
			<block> <songName>"Diez Mil Maneras"</songName> </block>
			<block> <artist> <html:a href="http://www.davidbisbal.com/">David Bisbal</html:a> </artist> </block>
			<block> <albumName> <html:a href="http://www.allmusic.com/album/t%C3%BA-y-yo-mw0002623319">Tú y Yo </html:a> </albumName> </block>
			<block> <releaseYear> Released in: 2014 </releaseYear> </block>
			<block> <genre> Pop/Rock, Latin </genre> </block>
			<block> <albumCover> <html:img src="http://cps-static.rovicorp.com/3/JPG_1080/MI0003/715/MI0003715927.jpg?partner=allrovi.com" alt="Tú y Yo Album Cover"> </html:img> </albumCover> </block>
		</songEntry>

		<songEntry>
			<block> <songName>"Wake Me Up Before You Go-Go"</songName> </block>
			<block> <artist> <html:a href="http://www.georgemichael.com/">Wham!</html:a> </artist> </block>
			<block> <albumName> <html:a href="http://www.allmusic.com/album/make-it-big-mw0000192387"> Make It Big </html:a> </albumName> </block>
			<block> <releaseYear> Released in: 1984 </releaseYear> </block>
			<block> <genre> Pop/Rock </genre> </block>
			<block> <albumCover> <html:img src="http://hwcdn.allmusic.com/release-covers/500/0000/850/0000850889.jpg" alt="Make It Big Album Cover"> </html:img> </albumCover> </block>
		</songEntry>

		<songEntry>
			<block> <songName>"Where Did The Party Go"</songName> </block>
			<block> <artist> <html:a href="http://falloutboy.com/"> Fall Out Boy </html:a> </artist></block>
			<block> <albumName> <html:a href="http://www.allmusic.com/album/save-rock-and-roll-mw0002492116"> Save Rock and Roll </html:a> </albumName></block>
			<block> <releaseYear> Released in: 2013 </releaseYear></block>
			<block> <genre> Pop/Rock </genre></block>
			<block> <albumCover> <html:img src="http://cps-static.rovicorp.com/3/JPG_500/MI0003/512/MI0003512073.jpg?partner=allrovi.com" alt="Save Rock and Roll Album Cover"> </html:img> </albumCover></block>
		</songEntry>
	</playlist>

</root_element>